"#script","url","users"
"doctorOnlineRegistration.sah","http://localhost:8080","1"
"doctorOnlineRegistration.sah","http://localhost:8080","2"
"doctorOnlineRegistration.sah","http://localhost:8080","3"
"doctorOnlineRegistration.sah","http://localhost:8080","4"
"doctorOnlineRegistration.sah","http://localhost:8080","5"
"doctorOnlineRegistration.sah","http://localhost:8080","6"
"doctorOnlineRegistration.sah","http://localhost:8080","7"
"doctorOnlineRegistration.sah","http://localhost:8080","8"
"doctorOnlineRegistration.sah","http://localhost:8080","9"
"doctorOnlineRegistration.sah","http://localhost:8080","10"